;id;name;city;min_salary;max_salary;company;published_at;experience;schedule;employment;description;conditions;requirement;responsibility;key_skills
36;33899218;Инженер-программист;Санкт-Петербург;80000.0;160000.0;Фирма НИТА;2019-10-18T11:04:40+0300;От 3 до 6 лет;Полный день;Полная занятость;Обязанности:  Разработка системы панорамного видеонаблюдения, решение прикладных задач видеоаналитики Разработка и исследования в области обработки и трансляции видео Исследование функциональности сторонних библиотек для решения задач в области видео Работа в scrum/XP команде  Требования:  Отличное знание С++ (C++11, STL, boost). Опыт программирования на C/C++ под *nix , включая многопоточное, сетевое программирование Опытный Linux-пользователь Знание паттернов проектирования программного обеспечения Хорошая инженерная подготовка, навыки решения алгоритмических задач Умение работать с open source проектами и библиотеками: правка/сборка, изучение API, pull requests Умение работать в команде, коммуникативные навыки Готовность к командировкам (как по РФ так и за ее пределами) Опыт работы с чужим кодом  Будет плюсом:  Опыт работы:  В области обработки изображений и видео С мультимедиа С протоколами семейства RTSP/RTP С алгоритмами сжатия видео/аудио   Знание OpenCV Опыт разработки высоконагруженных и отказоустойчивых серверов. Работа в Agile командах Опыт написания unit-тестов  Условия: Пятидневная рабочая неделя, отпуск 28 кал.дней, ДМС после испытательного срока, частичная оплата абонемента на фитнес.    ; Пятидневная рабочая неделя, отпуск 28 кал.дней, ДМС после испытательного срока, частичная оплата абонемента на фитнес.    ;Отличное знание С++ (C++11, STL, boost). Опыт программирования на C/C++ под *nix , включая многопоточное, сетевое программирование. ;Разработка системы панорамного видеонаблюдения, решение прикладных задач видеоаналитики. Разработка и исследования в области обработки и трансляции видео. Исследование функциональности сторонних...;
60;33662156;Инженер-программист;Санкт-Петербург;60000.0;130000.0;Филиал СКБ Энергия АО Завод Энергия;2019-10-16T08:10:49+0300;От 1 года до 3 лет;Полный день;Полная занятость;"Обязанности:   разработка программного обеспечения;   доработка, тестирование, отладка существующего программного обеспечения;   разработка программной документации;   настройка программного обеспечения;   исправление неисправностей, проведение стыковых мероприятий с ПО сторонних организаций, в т.ч. в командировках.   Требования:   опыт работы в ОС Linux, в т.ч. использование командной строки   разработка программ для Linux на C/C++ (использование make, gcc, gdb, использование средств ssh, sftp)   использование графических средств разработки (IDE)   готовность к редким командировкам   образование высшее очное (желательно специалист либо магистр)   Желательно:   опыт разработки с использованием Qt (4.6 или выше)   опыт установки, настройки ЭВМ под управлением ОС Linux (настройка и проверка сети, текущего оборудования)   опыт использования баз данных   Условия:     компания полностью белая;   пятидневная рабочая неделя (выходные: суббота, воскресенье);  уровень з/п зависит от личного вклада в работу компании и состоит из фиксированного оклада и премий (надбавок);  возможность выбора начала рабочего дня от 7:30ч до 9:30ч (обед 30 мин);  ";"     компания полностью белая;   пятидневная рабочая неделя (выходные: суббота, воскресенье);  уровень з/п зависит от личного вклада в работу компании и состоит из фиксированного оклада и премий (надбавок);  возможность выбора начала рабочего дня от 7:30ч до 9:30ч (обед 30 мин);  ";Опыт работы в ОС Linux, в т.ч. использование командной строки. Разработка программ для Linux на C/C++ (использование make...;Разработка программного обеспечения. Доработка, тестирование, отладка существующего программного обеспечения. Разработка программной документации. Настройка программного обеспечения. Исправление неисправностей, проведение стыковых мероприятий...;"Linux; C++"
94;33744530;Инженер-программист;Санкт-Петербург;50000.0;80000.0;Теккноу, головная компания;2019-10-18T13:26:01+0300;От 3 до 6 лет;Полный день;Полная занятость;"Обязанности:  Разработка Программного обеспечения (верхний уровень) для собственного продукта согласно Техническому заданию. Сопровождение текущих проектов. Участие в смежных работах и проектах по отделу.  Требования:  Уверенный пользователь С#, NET Framework, WinForms. Понимание принципов ООП и паттернов проектирования. Практический опыт написания программного обеспечения для PC! Опыт работы с основными каналами данных: RS485, CAN, Ethernet, USB. Опыт разработки БД с использованием MS SQL Server. Опыт работы с системами контроля версий. Работа в составе коллектива: умение работать командой; оперативно решать потребности, в том числе заказчика. Владение английским языком достаточное для чтения технической документации и общения с поставщиками оборудования.  Условия:    Опытный, дружный коллектив. Официальная стабильная оплата труда. Квартальные премии по результатам работы. Соблюдение всех требований Трудового законодательства. ДМС после прохождения испытательного срока. МНОГО разнохарактерной работы и задач. Полный рабочий день.  ​​​​​";    Опытный, дружный коллектив. Официальная стабильная оплата труда. Квартальные премии по результатам работы. Соблюдение всех требований Трудового законодательства. ДМС после прохождения испытательного срока. МНОГО разнохарактерной работы и задач. Полный рабочий день.  ​​​​​;Уверенный пользователь С#, NET Framework, WinForms. Понимание принципов ООП и паттернов проектирования. Практический опыт написания программного обеспечения для PC! ;Разработка Программного обеспечения (верхний уровень) для собственного продукта согласно Техническому заданию. Сопровождение текущих проектов. Участие в смежных работах и проектах...;"Пользователь ПК; Работа с людьми; С#; NET Framework; WinForms; MS SQL Server"
69;30918105;Инженер-программист;Челябинск;60000.0;80000.0;ЧЕЛЯБИНВЕСТБАНК;2019-10-17T10:50:57+0300;От 1 года до 3 лет;Полный день;Полная занятость;"Уважаемые соискатели! Просьба к письму прилагать образцы исходных текстов.  Обязанности:  Интересные задачи по разработке новых масштабных проектов; Сопровождении существующих модулей корпоративной информационной системы.  Требования:  Высшее образование (профильное); Знания методологий разработки программного обеспечения; Владение одним или несколькими языками программирования (Java, C#, Python, C++ и т.п.); Уверенное владение объектно-ориентированным подходом к разработке ПО; Знакомство с шаблонами проектирования; Понимание, чем хороший код отличается от плохого; Code-review; Знание технического английского языка; Навыки написания программ для современных реляционных СУБД, серверов приложений, web-серверов, многопоточных приложений.  Условия:  Сильная команда профессионалов; Программа наставничества; Социальный пакет:  - Премирование сотрудников Банка (ежемесячное и дополнительное); - ДМС; - Бесплатное медицинское обслуживание сотрудников в медицинской службе Банка; - Организация питания сотрудников по льготным ценам в столовой Банка; - Дополнительные оплачиваемые дни отпуска; - Материальная поддержка сотрудников Банка за счет Банка и профсоюзной организации Банка; - Организация корпоративных мероприятий ко дню Банка и другим праздникам; - Подарки к праздникам сотрудникам Банка и их детям; - Посещение бассейна, спортзала, покупка билетов в театр, кино на льготных условиях; - Частичная компенсация стоимости путевок в детские оздоровительные и спортивные лагеря; - Присвоение почетных званий и памятных знаков с выделением материального поощрения в связи с награждением сотрудников Банка.  5-дневная рабочая неделя; Официальное трудоустройство. ";"  Сильная команда профессионалов; Программа наставничества; Социальный пакет:  - Премирование сотрудников Банка (ежемесячное и дополнительное); - ДМС; - Бесплатное медицинское обслуживание сотрудников в медицинской службе Банка; - Организация питания сотрудников по льготным ценам в столовой Банка; - Дополнительные оплачиваемые дни отпуска; - Материальная поддержка сотрудников Банка за счет Банка и профсоюзной организации Банка; - Организация корпоративных мероприятий ко дню Банка и другим праздникам; - Подарки к праздникам сотрудникам Банка и их детям; - Посещение бассейна, спортзала, покупка билетов в театр, кино на льготных условиях; - Частичная компенсация стоимости путевок в детские оздоровительные и спортивные лагеря; - Присвоение почетных званий и памятных знаков с выделением материального поощрения в связи с награждением сотрудников Банка.  5-дневная рабочая неделя; Официальное трудоустройство. ";Высшее образование (профильное). Знания методологий разработки программного обеспечения. Владение одним или несколькими языками программирования (Java, C#, Python, C++ и т...;Интересные задачи по разработке новых масштабных проектов. Сопровождении существующих модулей корпоративной информационной системы.;
91;33891896;Инженер-программист;Екатеринбург;55000.0;65000.0;НИПИГОРМАШ;2019-10-03T06:52:08+0300;От 1 года до 3 лет;Полный день;Полная занятость;Обязанности:  Поиск и устранение неисправностей на готовом изделии. Проверка алгоритмов работы оборудования. Диагностика, внесение корректировок в работу оборудования.  Требования:  Знание TIA Portal. Знание основ Pascal/Delphi. Понимание протоколов Modbus RTU/TCP. Понимание интерфейсов 4-20мА, RS485, CAN. Умение настраивать TPM фирмы OBEH. Понимание принципов работы частотных преобразователей и принципов их настройки. Личные качества: желание учиться и развиваться, 100% персональная ответственность за результаты работы. Готовность к командировкам.  Условия:  Мы предлагаем работу в динамично развивающейся компании с интересными международными проектами. Мы создаем комфортные условия для саморазвития обучения и профессионального роста. Профессиональное обучение за счет средств компании. Мы прозрачны и стабильны в рамках трудового законодательства. Выплата заработной платы 2 раза в месяц на банковскую карту. Ежегодная индексация, выплата 13 заработной платы. Место работы: Вторчермет. Уважаемые кандидаты! Опубликованные требования базовые и не являются исчерпывающими. ;  Мы предлагаем работу в динамично развивающейся компании с интересными международными проектами. Мы создаем комфортные условия для саморазвития обучения и профессионального роста. Профессиональное обучение за счет средств компании. Мы прозрачны и стабильны в рамках трудового законодательства. Выплата заработной платы 2 раза в месяц на банковскую карту. Ежегодная индексация, выплата 13 заработной платы. Место работы: Вторчермет. Уважаемые кандидаты! Опубликованные требования базовые и не являются исчерпывающими. ;Знание TIA Portal. Знание основ Pascal/Delphi. Понимание протоколов Modbus RTU/TCP. Понимание интерфейсов 4-20мА, RS485, CAN. ;Поиск и устранение неисправностей на готовом изделии. Проверка алгоритмов работы оборудования. Диагностика, внесение корректировок в работу оборудования.;
66;32735872;Инженер-программист;Самара;30000.0;55000.0;БАСС;2019-10-18T07:51:38+0300;От 1 года до 3 лет;Полный день;Полная занятость;"Компания  13 лет разрабатывает web-сайты и приводит на них покупателей. Мы делаем не просто сайты, а билетные системы, интеграционные сервисы, различные стартапы. Отдельное направление деятельности - оказание электронных услуг населению в области медицины. Мы создали такие системы, как Электронная регистратура, Электронная очередь, Онлайн регистратура и др. В связи с расширением штата, компания ведет набор трудолюбивых, талантливых, желающих достигать целей разработчиков. Если ты готов делать мир лучше, в тебе кипит генератор необычных, нестандартных идей, то тебе к нам. Обязанности:  Участие в проектировании и разработке web-проектов различной степени сложности. Развитие существующих проектов компании, создание новых модулей, интеграция со сторонними сервисами.  Требования:  Опыт разработки Web-приложений не менее 1 года; ЗнаниеPHP, MySQL, JavaScript, HTML, CSS Знание ООП и понимание в его применении.  Приветствуются навыки:  Ajax, WebSocket, REST, SOAP; проектирование БД, знание SQL; опыт работы с какой-либо СУБД (MSSQL, Oracle, PostgreSQL) Способность генерировать.  Условия:  Заработная плата на руки, по результатам собеседования - от 30 000 до 55 000 рублей. График работы 5/2. Испытательный срок 3 месяца. Официальное оформление, отпуск, больничный, согласно Трудового Кодекса РФ. Оформление полиса ДМС (добровольное медицинское страхование), корпоративные мероприятия с выездами на природу за счёт работодателя. Команда профессионалов, готовых поддержать твои инициативы. Возможность работы с новыми технологиями. Гарантированный рост заработной платы при условии повышения профессионального уровня. Обучение. Если тебе хочется большего, всегда есть возможности самореализации. Стильный чистый офис в тихом районе города, с хорошей транспортной развязкой (утром и вечером добираться против пробок). Современная техника, дополнительные мониторы и всё что нужно для продуктивной работы. Изолированное помещение с кондиционером и видом на сквер. Уголок релакса с мягким диваном и шезлонг качалкой, массажное кресло, кофемашина. ";  Заработная плата на руки, по результатам собеседования - от 30 000 до 55 000 рублей. График работы 5/2. Испытательный срок 3 месяца. Официальное оформление, отпуск, больничный, согласно Трудового Кодекса РФ. Оформление полиса ДМС (добровольное медицинское страхование), корпоративные мероприятия с выездами на природу за счёт работодателя. Команда профессионалов, готовых поддержать твои инициативы. Возможность работы с новыми технологиями. Гарантированный рост заработной платы при условии повышения профессионального уровня. Обучение. Если тебе хочется большего, всегда есть возможности самореализации. Стильный чистый офис в тихом районе города, с хорошей транспортной развязкой (утром и вечером добираться против пробок). Современная техника, дополнительные мониторы и всё что нужно для продуктивной работы. Изолированное помещение с кондиционером и видом на сквер. Уголок релакса с мягким диваном и шезлонг качалкой, массажное кресло, кофемашина. ;Опыт разработки Web-приложений не менее 1 года. ЗнаниеPHP, MySQL, JavaScript, HTML, CSS. Знание ООП и понимание в его применении. ;Участие в проектировании и разработке web-проектов различной степени сложности. Развитие существующих проектов компании, создание новых модулей, интеграция со сторонними...;
93;31034157;Инженер-программист;Екатеринбург;30000.0;35000.0;Государственное бюджетное учреждение здравоохранения Медицинский информационно-аналитический центр (ГБУЗ СО МИАЦ);2019-10-07T06:58:50+0300;От 1 года до 3 лет;Полный день;Полная занятость;Обязанности:  организация внедрения информационных систем в сфере здравоохранения подготовка и согласование внутренних распорядительных документов по внедрению информационных систем (ИС) в лечебных учреждениях области сбор и документирование функциональных требований и разработка технических заданий на внедрение ИС разработка схем тестирования ИС администрирование информационных систем, методическое сопровождение разработка ведомственных информационных систем в сфере здравоохранения области  Требования:  образование высшее техническое (информационные системы и вычислительная техника) знание операционных систем  наличие навыков программирования  знание SQL и основы оптимизации запросов хороший уровень письменного русского языка умение четко формулировать свои мысли  Условия:  оформление в соответствии с Трудовым кодексом РФ 3 дня дополнительного оплачиваемого отпуска работа в современном офисе в центре города удобные транспортные развязки (район Малышева-Гагарина) дружный молодой коллектив нормированный рабочий день с графиком работы с понедельника по пятницу с 9.00 до 18.00, суббота,воскресенье – выходные дни ;  оформление в соответствии с Трудовым кодексом РФ 3 дня дополнительного оплачиваемого отпуска работа в современном офисе в центре города удобные транспортные развязки (район Малышева-Гагарина) дружный молодой коллектив нормированный рабочий день с графиком работы с понедельника по пятницу с 9.00 до 18.00, суббота,воскресенье – выходные дни ;Образование высшее техническое (информационные системы и вычислительная техника). Знание операционных систем. Наличие навыков программирования. Знание SQL и основы оптимизации запросов. ;Организация внедрения информационных систем в сфере здравоохранения. Подготовка и согласование внутренних распорядительных документов по внедрению информационных систем (ИС) в лечебных...;"навыки программирования;; знание основных операционных систем; ответственность"
18;33742963;Инженер-программист;Тюмень;20000.0;25000.0;Управление Роспотребнадзора по Тюменской области;2019-09-24T12:39:14+0300;От 1 года до 3 лет;Полный день;Полная занятость;Обязанности: 1. Устанавливает на серверы и рабочие станции операционные системы и необходимое для работы программное обеспечение.2.Осуществляет конфигурацию программного обеспечения на серверах и рабочих станциях.3.Поддерживает в работоспособном состоянии программное обеспечение серверов и рабочих станций.4.Регистрирует пользователей локальной сети и почтового сервера, назначает идентификаторы и пароли.5.Осуществляет техническую и программную поддержку пользователей, консультирует пользователей по вопросам работы локальной сети и программ, составляет инструкции по работе с программным обеспечением и доводит их до сведения пользователей.6.Устанавливает права доступа и контролирует использование сетевых ресурсов.7.Обеспечивает своевременное копирование, архивирование и резервирование данных.8.Принимает меры по восстановлению работоспособности локальной сети при сбоях или выходе из строя сетевого оборудования.9.Выявляет ошибки пользователей и программного обеспечения и принимает меры по их исправлению.10.Проводит мониторинг сети, разрабатывает предложения по развитию инфраструктуры сети.11.Обеспечивает сетевую безопасность (защиту от несанкционированного доступа к информации, просмотра или изменения системных файлов и данных), безопасность межсетевого взаимодействия.12.Осуществляет антивирусную защиту локальной вычислительной сети, серверов и рабочих станций.13.Готовит предложения по модернизации и приобретению сетевого оборудования.14.Осуществляет контроль за монтажом оборудования локальной сети специалистами сторонних организаций.15.Сообщает своему непосредственному руководителю о случаях нарушения правил пользования локальной вычислительной сетью и принятых мерах.   Требования:  профильное профессиональное образование, опыт технического обслуживания и ремонта персональных компьютеров и оргтехники.    Условия:  в соответствии с трудовым законодательством   ;  в соответствии с трудовым законодательством   ;Профильное профессиональное образование, опыт технического обслуживания и ремонта персональных компьютеров и оргтехники.;1. Устанавливает на серверы и рабочие станции операционные системы и необходимое для работы программное обеспечение. 2.Осуществляет конфигурацию программного обеспечения на...;"Администрирование сетевого оборудования; Настройка сетевых подключений; Внутренний контроль; Cистемы управления базами данных; Настройка ПК; Настройка почтовых серверов; Техническое обслуживание; Выездное обслуживание"
16;30889412;Инженер-программист;Челябинск;18500.0;18500.0;Филиал МАУ МФЦ города Челябинска;2019-10-18T11:14:23+0300;От 1 года до 3 лет;Полный день;Полная занятость;"Обязанности: -конфигурация, настройка и администрирование ПК на базе Windows, настройка периферийных устройств, оргтехники;- техническая поддержка пользователей;- администрирование средств защиты информации и средств криптографической защиты информации совместно с ведущим специалистом по защите информации;- помощь ведущему специалисту по защите информации в ведении документации. Требования: - среднее или высшее профессиональное образование (информационные технологии, информационная безопасность)- знание принципов, основ построения и обслуживания ЛВС;- знание и нормативно-методических документов в области защиты информации;- знание программных средств, используемых в целях обеспечения защиты информации (КриптоПро, Secret Net/Secret Net Studio, VipNet, антивирус Касперского);- знание порядка оформления технической документации по защите информации;Желательно:- опыт работы от 1 года;- практический опыт работы с СЗИ и СКЗИ;- опыт ведения/разработки нормативно-методической документации по защите информации. Условия: официальное трудоустройство по ТК РФ полный соц.пакет работа в центре города дружный молодой коллектив возможность карьерного роста"; официальное трудоустройство по ТК РФ полный соц.пакет работа в центре города дружный молодой коллектив возможность карьерного роста;среднее или высшее профессиональное образование (информационные технологии, информационная безопасность). - знание принципов, основ построения и обслуживания ЛВС. - знание и нормативно-методических...;конфигурация, настройка и администрирование ПК на базе Windows, настройка периферийных устройств, оргтехники. - техническая поддержка пользователей. - администрирование средств защиты информации и...;
60;34059658;Инженер-программист;Ростов-на-Дону;20000.0;;Алмаз;2019-10-14T08:48:42+0300;От 1 года до 3 лет;Полный день;Полная занятость;"Обязанности:  Разработка, тестирование и отладка программ; Запуск отлаженных программ и ввод исходных данных, определяемых условиями поставленных задач; Сопровождение внедренных программ и программных средств.  Требования:  Высшее образование; Опыт работы от 1 года; Аналитический склад ума и системное мышление; Хорошее понимание оперативного, управленческого учета; Знание бухгалтерского учета будет преимуществом; Опыт внедрения ERP систем; Знание основных методологий разработки; Владение методиками сбора и анализа требований; Знание теории бизнес-анализа (языки моделирования, методологии функционального моделирования, документирование процессов); Опыт написания технической документации; Умение быстро адаптироваться к новым условиям, находчивость, умение быстро находить решение; Коммуникабельность, неконфликтность, уравновешенность; Умение аргументировать и отстаивать свою точку зрения.  Условия:  5-дневная рабочая неделя, выходные: суббота, воскресенье; Режим работы: с 08:00 до 17:00, перерыв: с 12:00 до 13:00; Оплата труда - договорная; Имеется профсоюзная организация. ";"  5-дневная рабочая неделя, выходные: суббота, воскресенье; Режим работы: с 08:00 до 17:00, перерыв: с 12:00 до 13:00; Оплата труда - договорная; Имеется профсоюзная организация. ";Высшее образование. Опыт работы от 1 года. Аналитический склад ума и системное мышление. Хорошее понимание оперативного, управленческого учета. ;Разработка, тестирование и отладка программ. Запуск отлаженных программ и ввод исходных данных, определяемых условиями поставленных задач. Сопровождение внедренных программ и...;"Бизнес-анализ; Системное мышление; Аналитическое мышление; Деловая коммуникация"
87;34058575;Инженер-программист;Екатеринбург;25000.0;;Уральский электромеханический завод;2019-10-14T07:53:21+0300;От 1 года до 3 лет;Полный день;Полная занятость;"Акционерное общество «Уральский электромеханический завод», лидер Уральского региона в сфере изготовления электротехнической продукции, традиционной и атомной энергетики приглашает на работу инженера-программиста.Требования: Высшее образование (АСУП, АСУТП);Знание и опыт разработки в СУБД Oracle или Postgres;Опыт работы от 1 года.Обязанности:Консультация пользователей;Разработка технологии решения задачи по всем этапам обработки информации;Сопровождение и внедрение программных средств.Разработка дополнительных отчетов и модулей по заявкам подразделений.Мы предлагаем Вам: Официальное трудоустройство (полное соблюдение норм Трудового кодекса);Заработная плата от 34 000 руб.;Корпоративное обучение;Спортивно-культурные мероприятия;Нормированный рабочий день;Район работы: Пионерский (район УрФУ).«Благодарим Вас за интерес, проявленный к нашему предприятию. Срок рассмотрения резюме — 5 рабочих дней. Отсутствие ответа в течение этого времени означает, что, к сожалению, на сегодня у нас нет подходящих вакансий. При этом Ваше резюме будет сохранено в нашей базе данных и, если в дальнейшем вакансия появится, мы предложим ее Вам для рассмотрения».";;Высшее образование (АСУП, АСУТП). Знание и опыт разработки в СУБД Oracle или Postgres. Опыт работы от 1 года.;Консультация пользователей. Разработка технологии решения задачи по всем этапам обработки информации. Сопровождение и внедрение программных средств. Разработка дополнительных отчетов и...;
24;33997294;Инженер-программист;Омск;25000.0;;БУ ДПО ОО ЦПК РЗ;2019-10-09T10:46:33+0300;От 1 года до 3 лет;Полный день;Полная занятость;"Обязанности:  своевременное размещение актуальной и обновленной информации на официальном сайте учреждения, в т.ч. его администрирование; работа с организацией, предоставляющей услуги по обслуживанию и размещению официального сайта учреждения (хостинг); разработка и согласование технических спецификаций (заданий) на программные продукты; разработка инструкций по работе с программами, оформление необходимой технической документации; определение возможности использования нового программного обеспечения, в том числе введенных в эксплуатацию программных средств и их дальнейшее сопровождение.  Требования:  Высшее техническое образование администрирование программы «1С: Управление учебным центром», СЭД «Аврора» администрирование сайта организации  Условия:  Бюджетное учреждение, соц. пакет, пятидневная рабочая неделя с 08.30 да 17.00 ";  Бюджетное учреждение, соц. пакет, пятидневная рабочая неделя с 08.30 да 17.00 ;Высшее техническое образование.;Своевременное размещение актуальной и обновленной информации на официальном сайте учреждения, в т.ч. его администрирование. Работа с организацией, предоставляющей услуги...;"Администрирование сайтов; Документальное сопровождение; 1С: Документооборот; Разработка инструкций"
50;33384399;Инженер-программист;Самара;25000.0;;ГБУЗ Самарская областная детская клиническая больница имени Н.Н.Ивановой;2019-10-01T09:45:39+0300;От 1 года до 3 лет;Полный день;Полная занятость;Обязанности:  согласно должностной инструкции предприятия  Требования:  Высшее образование Информатика и вычислительная техника  Условия:  трудоустройство согласно ТК РФ ;  трудоустройство согласно ТК РФ ;"Высшее образование &quot;Информатика и вычислительная техника&quot;.";Согласно должностной инструкции предприятия.;
48;33795846;Инженер-программист;Самара;35000.0;;Алия;2019-09-26T17:04:12+0300;От 1 года до 3 лет;Полный день;Полная занятость;Обязанности:  Техническая поддержка информационной системы предприятия Общая техническая поддержка программного обеспечения на рабочих станциях Настройка новых технологий, интеграция информационной системы предприятия с внешними сервисами. Внедрение новых технологий, интеграция информационной системы предприятия с системой он-лайн бронирования и интернет-магазина Сопровождение 1С Предприятие, доработка печатных форм отчетов, обработка файлов. Сопровождение абонентских договоров телефонии и интернет-связи.  Требования:   стрессоустойчивость, ответственность, целеустремленность, коммуникабельность.  Условия:   График работы понедельник-пятница с 8.00 до 17.00 суббота,воскресенье - выходной. Заработная плата - от 35 000 руб.     ;   График работы понедельник-пятница с 8.00 до 17.00 суббота,воскресенье - выходной. Заработная плата - от 35 000 руб.     ;Стрессоустойчивость, ответственность, целеустремленность, коммуникабельность.;Техническая поддержка информационной системы предприятия. Общая техническая поддержка программного обеспечения на рабочих станциях. Настройка новых технологий, интеграция информационной системы предприятия...;"1С: Предприятие 8; Windows 7; Информационные технологии; 1С: Документооборот; Mac Os"
49;30720332;Инженер-программист;Казань;55000.0;;Зарница, ПО;2019-10-07T08:29:18+0300;От 1 года до 3 лет;Полный день;Полная занятость;"В отделе инженерных разработок крупной развивающейся компании открыта вакансия инженера-программиста Обязанности: - разработка прикладного ПО для лабораторного оборудования- создание пользовательского интерфейса- формирование отчетов Требования:  знакомство с Visual Studio, знание WPF (предпочтительный язык - c#)- знание промышленных протоколов связи;- опыт работы с приборами промышленной автоматики (преобразователей частоты, ПЛК, операторские панели различных производителей - Siemens, Omron, Delta, Овен);- желательно базовые знания схемотехники и электроники Уверенный ПК пользователь (Word, Excel), , работа в графических редакторах; Построение SCADA-систем к обучающим стендам и тренажерам; Развитое мышление, решение нестандартных задач.  Условия:  Работа в быстроразвивающейся крупной компании; График работы 5/2 с 9.00 до 18.00; Высокие возможности саморазвития; Офис в г. Казань пос. Левченко; Собственная столовая; Собственный спортзал; Охраняемая стоянка; Дотации на проезд, вахта; Дружный молодой коллектив; Сладкий чай и крепкий кофе – без ограничений; Оформление в соответствии с ТК РФ; Заработная плата по результатам собеседования. ";"  Работа в быстроразвивающейся крупной компании; График работы 5/2 с 9.00 до 18.00; Высокие возможности саморазвития; Офис в г. Казань пос. Левченко; Собственная столовая; Собственный спортзал; Охраняемая стоянка; Дотации на проезд, вахта; Дружный молодой коллектив; Сладкий чай и крепкий кофе – без ограничений; Оформление в соответствии с ТК РФ; Заработная плата по результатам собеседования. ";Знакомство с Visual Studio, знание WPF (предпочтительный язык - c#). - знание промышленных протоколов связи. - опыт работы с приборами промышленной автоматики (преобразователей...;разработка прикладного ПО для лабораторного оборудования. - создание пользовательского интерфейса. - формирование отчетов. Построение SCADA-систем к обучающим стендам и тренажерам.;
30;33812294;Инженер-программист;Санкт-Петербург;110000.0;;Электронмаш;2019-10-18T15:38:54+0300;От 1 года до 3 лет;Полный день;Полная занятость;Обязанности:   Разработка под 1С УПП, 1С Appius PLM Реализация задач по разработке/доработке приложений для автоматизации технологических процессов компании, производящей электротехническое оборудование Анализ задач и разработка технических заданий Тестирование прототипов разрабатываемых приложений Сдача результатов разработки заказчикам  Требования:  Знание 1С: 8.3, управляемые формы Знание основ проектирования БД и основ функционального проектирования Умение разбираться в чужом коде и интерпретировать желания заказчика (сотрудников предприятия).  Приветствуются:  1С тонкий клиент, web клиент, БСП, мобильное приложение C#, Open XML MS SQL на уровне: «написание простой команды выборки/изменения/удаления без подсказок» представление о сервис/клиент-ориентированной архитектуре  Мы хотим найти инициативного человека, который нацелен на долгосрочное сотрудничество и готов внести свой вклад в развитие как существующего программного обеспечения так в разработку новых решений для автоматизации технологических процессов компании. Условия: Пн- пт, с 9.00 до 17.30, своя столовая, молодой дружный коллектив.; Пн- пт, с 9.00 до 17.30, своя столовая, молодой дружный коллектив.;Знание 1С: 8.3, управляемые формы. Знание основ проектирования БД и основ функционального проектирования. Умение разбираться в чужом коде...;Разработка под 1С УПП, 1С Appius PLM. Реализация задач по разработке/доработке приложений для автоматизации технологических процессов компании...;
91;32247586;Инженер-программист;Москва;;;Юнидрафт;2019-10-18T15:13:41+0300;От 3 до 6 лет;Полный день;Полная занятость;"Обязанности:   Разработка плагинов для Autodesk Revit, Autodesk AutoCAD, MS Word, MS Excel;  Обработка данных информационных моделей IFC.  Требования:   Уверенное знание Visual C;   Опыт работы с базами данных;   Опыт работы программистом не менее 2 лет.  Технический английский (чтение документации);  Плюсом будет  Знание и опыт программирования на JS; Опыт работы с REST-API; Знание стека протоколов TCP/IP; Знание и опыт программирования С/C++; Умение работать с системами управления версиями GIT и иными;    Условия:  Конкурентоспособная белая заработная плата; Оформление по ТК РФ; ДМС после испытательного срока; Много интересной работы. ";"  Конкурентоспособная белая заработная плата; Оформление по ТК РФ; ДМС после испытательного срока; Много интересной работы. ";Уверенное знание Visual C. Опыт работы с базами данных. Опыт работы <highlighttext>программистом</highlighttext> не менее 2 лет. Технический английский (чтение документации). ;Разработка плагинов для Autodesk Revit, Autodesk AutoCAD, MS Word, MS Excel. Обработка данных информационных моделей IFC.;
89;33809181;Инженер-программист;Екатеринбург;;;ТЕХНЭКС;2019-10-08T13:20:13+0300;От 1 года до 3 лет;Полный день;Полная занятость;"Машиностроительной компании, в связи с расширением производства, на постоянную работу требуется инженер-программист. Обязанности:  автоматизация оборудования для пищевой промышленности посредством программного обеспечения ProLeit; программирование современных микроконтроллеров Siemens; разработка интерфейсов обмена информацией между АСУТП, MS SQL и ERP системами; внедрение разработанных интерфейсов на производства; тестирование написанного программного обеспечения.  Требования:  высшее техническое образование; знание MS SQL Server; знание SSIS, SSRS; знание языков программирования С#: синтаксис, структуры, типы данных; опыт работы в IDE Microsoft Visual Studio; знание английского языка на уровне чтения технической литературы.  Условия:  трудоустройство согласно ТК РФ; достойный уровень оплаты труда; работа в молодом сплоченном коллективе; возможность самореализации. ";"  трудоустройство согласно ТК РФ; достойный уровень оплаты труда; работа в молодом сплоченном коллективе; возможность самореализации. ";Высшее техническое образование. Знание MS SQL Server. Знание SSIS, SSRS. Знание языков программирования С#: синтаксис, структуры, типы данных. ;"Автоматизация оборудования для пищевой промышленности посредством программного обеспечения &quot;ProLeit&quot;. Программирование современных микроконтроллеров Siemens. Разработка интерфейсов обмена информацией между АСУТП, MS...";
50;33645559;Инженер-программист;Омск;;;ПК Ударник;2019-10-17T12:21:03+0300;От 1 года до 3 лет;Полный день;Полная занятость;"На предприятие по производству деталей трубопроводов требуется инженер-программист в отдел ЧПУ.   Обязанности:  программирование деталей для станков с ЧПУ разработка технологических процессов  Требования:  высшее техническое образование; знание основ механической металлообработки, режимов фрезеровки и точения на станках ЧПУ; умение читать рабочие чертежи и пользоваться измерительным инструментом; опыт работы в области разработки и внедрения программ ЧПУ;  Условия:  размер заработной платы будет установлен по результатам собеседования. заработная плата выплачивается своевременно место работы в Амурском посёлке рабочий день с 8:00 до 16:30 пятидневная рабочая неделя ";  размер заработной платы будет установлен по результатам собеседования. заработная плата выплачивается своевременно место работы в Амурском посёлке рабочий день с 8:00 до 16:30 пятидневная рабочая неделя ;Высшее техническое образование. Знание основ механической металлообработки, режимов фрезеровки и точения на станках ЧПУ. Умение читать рабочие чертежи и пользоваться...;Программирование деталей для станков с ЧПУ. Разработка технологических процессов.;
61;33569721;Инженер-программист;Ростов-на-Дону;;;Danone в России;2019-10-11T11:17:17+0300;От 3 до 6 лет;Полный день;Полная занятость;"Danone — это глобальная компания, которая создает продукты, меняющие мир к лучшему. Нести здоровье — наша миссия, поэтому мы занимаемся четырьмя жизненно важными направлениями бизнеса: свежими молочными продуктами, питанием для детей первых дней жизни, специализированным питанием и бутилированной водой. Нашу продукцию знают и любят на всех континентах, ведь над ее созданием работают 100 тысяч талантов, каждый из которых делает компанию и мир вокруг лучше. Бизнес Essential Dairy  Plant-based (EDP) в Danone — один из мировых лидеров по производству свежей молочной продукции. Среди наших брендов — «Простоквашино», «Активиа», Actimel, «Растишка», «Даниссимо», Danone, «Bio Баланс», «Актуаль», «Смешарики», «ТЁМА», которые мы производим на наших 15 современных и технологичных заводах по всей стране. Нашел среди них свой любимый продукт? Присоединяйся к нам, чтобы сделать его еще лучше! Индустриальный отдел - идеальная площадка для специалистов с техническом бэкграундом. Именно здесь мы создаем новые инструменты производства и внедряем лучшие практики в постоянном стремление к совершенству и эффективности. В этой роли ты будешь:  Разрабатывать, согласовывать, реализовать изменения программного обеспечения АСУТП (SCADA, СОТН, СКУД) в целях повышения эффективности технологических процессов; Выявлять и устранять функциональные и технические ошибки проектов программного обеспечения панелей, контроллеров и прочих программируемых электронных компонентов АСУ; Оперативно устранять отклонения технологических процессов от регламентных режимов путем внесения изменений в программное обеспечение и контроллеров и панелей управления АСУТП; Разрабатывать и реализовывать организационно-технические решения, модернизации, направленные на: обеспечение безопасности продукции, персонала, процессов,повышение эффективности итд.  Мы ищем именно тебя, если:  У тебя высшее профессиональное образование (автоматизированные системы управления технологическими процессами и смежные); Опыт работы не менее 5 лет по специальности; Ты знаешь основные принципы построения автоматизированных систем управления технологических процессов (АСУТП), OPC, DDE, сетевой топологии; Знаешь программирование контроллеров и панелей управления (PC/HMI) Siemens, Allen Bradley/ программирование систем управления сервоприводами (Bosh, Rexroth и др.), Конфигурация СКУД, СОТН; Уровень английского языка - чтение технической документации.  В Danone тебя ждут:   Стабильная заработная плата;   Расширенный социальный пакет (корпоративная программа медицинского страхования, страхование жизни);   Место работы: Молочный комбинат ЛАБИНСКИЙ.  ";;У тебя высшее профессиональное образование (автоматизированные системы управления технологическими процессами и смежные). Опыт работы не менее 5 лет по специальности. ;Разрабатывать, согласовывать, реализовать изменения программного обеспечения АСУТП (SCADA, СОТН, СКУД) в целях повышения эффективности технологических процессов. Выявлять и устранять функциональные...;
80;33591663;Инженер-программист;Самара;;;ЭкоСтройРесурс;2019-10-17T13:39:11+0300;От 1 года до 3 лет;Полный день;Полная занятость;Обязанности:  Работа с нетиповыми конфигурациями 1С 8.3 Работа в корпоративных информационных системах на базе 1С:Предприятие 8.3 Понимание бизнес-процессов Документирование изменений в функционале системы   Требования:  Опыт разработки на платформе 1С:8 от 2 лет  Желателен опыт работы в области ЖКХ, программы 1С:ЖКХ Знания программирования Ответственность, исполнительность Способность к интенсивной работе в режиме многозадачности  Условия:  Оформление в соответствии с ТК РФ Соц. пакет График работы с 8-00 до 17-00, суб., воскр выходные   ;  Оформление в соответствии с ТК РФ Соц. пакет График работы с 8-00 до 17-00, суб., воскр выходные   ;Опыт разработки на платформе 1С:8 от 2 лет. Желателен опыт работы в области ЖКХ, программы 1С:ЖКХ. ;Работа с нетиповыми конфигурациями 1С 8.3. Работа в корпоративных информационных системах на базе 1С:Предприятие 8.3. ;"1С программирование; Базы данных; Работа с базами данных"
12;34033987;Инженер-программист;Тюмень;;;ГБУЗ ТО Областная инфекционная клиническая больница;2019-10-11T07:38:28+0300;От 1 года до 3 лет;Полный день;Полная занятость;Обязанности:   Разрабатывать и согласовывать технические спецификации на программные компоненты и их взаимодействие с архитектором программного обеспечения. Проводить анализ возможностей реализации требований к программному обеспечению. Оценивать время и трудоемкость реализации требований к программному обеспечению. Согласовывать требования к программному обеспечению с заинтересованными сторонами. Подключать программные продукты к компонентам внешней среды Проверять работоспособность выпусков программного продукта Вносить изменения в процедуры сборки модулей и компонент программного обеспечения, развертывания программного обеспечения, миграции и преобразования данных Оценивать и согласовывать сроки выполнения поставленных задач Определять информацию, подлежащую обработке средствами вычислительной техники, ее объемы, структуру, макеты и схемы ввода, обработки, хранения и вывода, методы ее контроля. Выполнять работу по подготовке программ к отладке и проводить отладку. Разрабатывать инструкции по работе с программами, оформлять необходимую техническую документацию. Осуществлять сопровождение внедренных программ и программных средств.   Требования:  высшее образование  Условия:  пятидневная рабочая неделя с 08:00 до 16:30 ;  пятидневная рабочая неделя с 08:00 до 16:30 ;Высшее образование.;Разрабатывать и согласовывать технические спецификации на программные компоненты и их взаимодействие с архитектором программного обеспечения. Проводить анализ возможностей реализации требований...;
46;33695437;Инженер-программист;Тюмень;;;Сургутнефтегазбанк;2019-10-17T07:53:16+0300;От 1 года до 3 лет;Полный день;Полная занятость;"Обязанности:    администрирование систем дистанционного банковского обслуживания, программы лояльности;   разработка и сопровождение модулей интеграции систем дистанционного банковского обслуживания с банковской автоматизированной системой на Oracle PL/SQL и Java;   тестирование мобильных и web-приложений, в том числе проверка на предмет информационной безопасности;   вторая линия поддержки пользователей и клиентов Банка;   разработка и сопровождение банковского программного обеспечения;   сопровождение пользователей при работе с программным обеспечением Банка;   разработка схем данных и технологических решений по разрабатываемым задачам;   разработка инструкций для пользователей и руководства программиста по разрабатываемым и модифицируемым программным продуктам;   осуществление внедрения совместно с пользователями и разработчиками отдельных программных комплексов в опытную, а затем в производственную эксплуатацию.   Требования:  высшее техническое образование; опыт работы в области ИТ желателен; языки программирования: PL/SQL, SQL (диалект Oracle 11g), Java; средство разработки: Oracle Forms 6i Developer, SQL Navigator; системы контроля версий; система BugTracking; сервер приложений Tomcat; знание основ бухгалтерского учета в банках; знание принципов безопасного web-программирования; понимание архитектуры мобильных и web-приложений.  Условия работы:   работа в одном из крупнейших региональных банков РФ; официальное трудоустройство в соответствии с ТК РФ; ДМС, санаторно-курортное лечение для сотрудников и их детей. ";;Средство разработки: Oracle Forms 6i <highlighttext>Developer</highlighttext>, SQL Navigator. Системы контроля версий. Система BugTracking. Сервер приложений Tomcat. Знание основ бухгалтерского...;Разработка инструкций для пользователей и руководства <highlighttext>программиста</highlighttext> по разрабатываемым и модифицируемым программным продуктам. Осуществление внедрения совместно с пользователями и <highlighttext>разработчиками</highlighttext>...;
46;33222862;Инженер-программист;Челябинск;;;Челябинский радиозавод Полет;2019-10-18T10:59:08+0300;От 1 года до 3 лет;Полный день;Полная занятость;"Обязанности:  Программирование РЭА.  Требования:  Высшее техническое образование (ЮУрГУ, Приборостроительный факультет); Опыт работы на предприятиях и НИИ, разрабатывающих радиоэлектронную аппаратуру; Знание языка программирования C/C ++; Опыт кроссплатформенного программирования (желателен опыт работы в MS Visual Studio и Qt); Желателен опыт web разработки; Умение разбираться в коде; Знать методы проектирования РЭА, правила проведения технических расчетов; Знание английского языка в объеме краткого перевода технической документации.  Условия:  Работа в крупной стабильной Компании; Удобный рабочий график с 8-00 до 16.40, пятидневная рабочая неделя; Трудоустройство согласно ТК РФ, все социальные гарантии, стабильные выплаты заработной платы; Предоставление дополнительных гарантий, льгот и компенсаций (единовременные выплаты при рождении ребенка,частичная оплата стоимости путевок в детские оздоровительные учреждения, льготные путевки на базу отдыха «Жемчужина» (оз. Увильды),премии к юбилейным датам,материальная помощь в случае форс-мажорных обстоятельств); Возможность развития в рамках предприятия (дополнительное обучение, повышение квалификации, принятие участия в проектах, посещение семинаров); Предоставление медицинских услуг в здравпункте предприятия; Корпоративная столовая; Развитая корпоративная культура, организация праздников и спортивных мероприятий. ";"  Работа в крупной стабильной Компании; Удобный рабочий график с 8-00 до 16.40, пятидневная рабочая неделя; Трудоустройство согласно ТК РФ, все социальные гарантии, стабильные выплаты заработной платы; Предоставление дополнительных гарантий, льгот и компенсаций (единовременные выплаты при рождении ребенка,частичная оплата стоимости путевок в детские оздоровительные учреждения, льготные путевки на базу отдыха «Жемчужина» (оз. Увильды),премии к юбилейным датам,материальная помощь в случае форс-мажорных обстоятельств); Возможность развития в рамках предприятия (дополнительное обучение, повышение квалификации, принятие участия в проектах, посещение семинаров); Предоставление медицинских услуг в здравпункте предприятия; Корпоративная столовая; Развитая корпоративная культура, организация праздников и спортивных мероприятий. ";Высшее техническое образование (ЮУрГУ, Приборостроительный факультет). Опыт работы на предприятиях и НИИ, разрабатывающих радиоэлектронную аппаратуру. Знание языка программирования C/C...;Программирование РЭА.;
95;34093503;Инженер-программист;Челябинск;;;Уральская энергосбытовая компания;2019-10-15T12:20:33+0300;От 1 года до 3 лет;Полный день;Полная занятость;Обязанности:  Разработка нового функционала или доработка имеющегося в корпоративных информационных системах на базе 1С:Предприятие 8.3 (УХ, ДО, ITIL, ЗУП, БП) Анализ и уточнение требований, их формальное описание и регистрация Оценка трудоемкости реализации требований. Календарное планирование разработки Разработка, тестирование и отладка и рефакторинг программного кода на 1С:Предприятие 8.3 Внедрение программного кода в рабочую среду. Подготовка сборки для внедрения Документирование изменений в функционале системы Написание отчетов и печатных форм, доработка существующих  Требования:  Образование высшее, по направлению «информационные технологии» Приветствуется наличие сертификатов «1С:Специалист» и «1С:Профессионал» Знания и навыки конфигурирования (УХ, ДО, ITIL, ЗУП, БП) и программирования в среде 1С:Предприятие 8 Опыт работы в качестве программиста 1С с платформой 1С:Предприятие 8 от 1 года Знание БСП, Конвертации данных 2.0 или 3.0 Навыки разработки отчетов и печатных форм Умение выстраивать диалог с бизнес-заказчиком, нацеленность на удовлетворение требований бизнеса  Условия:  официальное трудоустройство бессрочный трудовой разговор ;  официальное трудоустройство бессрочный трудовой разговор ;"Опыт работы в качестве <highlighttext>программиста</highlighttext> 1С с платформой &quot;1С:Предприятие 8&quot; от 1 года. Знание БСП, Конвертации данных...";"Разработка нового функционала или доработка имеющегося в корпоративных информационных системах на базе &quot;1С:Предприятие 8.3&quot; (УХ, ДО, ITIL...";"1С: Предприятие 8; 1С программирование; 1С: Документооборот"
